{"assets/audio/Bach-prelude-in-c-major-piano.mp3":["assets/audio/Bach-prelude-in-c-major-piano.mp3"],"assets/audio/click_01.wav":["assets/audio/click_01.wav"],"assets/audio/click_02.wav":["assets/audio/click_02.wav"],"assets/audio/click_03.wav":["assets/audio/click_03.wav"],"assets/audio/click_04.wav":["assets/audio/click_04.wav"],"assets/audio/click_05.wav":["assets/audio/click_05.wav"],"assets/audio/click_06.wav":["assets/audio/click_06.wav"],"assets/audio/click_07.wav":["assets/audio/click_07.wav"],"assets/audio/click_08.wav":["assets/audio/click_08.wav"],"assets/audio/coins_01.wav":["assets/audio/coins_01.wav"],"assets/audio/hit_01.wav":["assets/audio/hit_01.wav"],"assets/audio/hover_01.wav":["assets/audio/hover_01.wav"],"assets/audio/hover_02.wav":["assets/audio/hover_02.wav"],"assets/audio/metal_01.wav":["assets/audio/metal_01.wav"],"assets/audio/pop_01.wav":["assets/audio/pop_01.wav"],"assets/audio/swoosh_01.wav":["assets/audio/swoosh_01.wav"],"assets/audio/swoosh_02.wav":["assets/audio/swoosh_02.wav"],"assets/audio/swoosh_03.wav":["assets/audio/swoosh_03.wav"],"assets/audio/tap_01.wav":["assets/audio/tap_01.wav"],"assets/audio/trumpet_01.wav":["assets/audio/trumpet_01.wav"],"assets/audio/trumpet_02.wav":["assets/audio/trumpet_02.wav"],"assets/audio/trumpet_03.wav":["assets/audio/trumpet_03.wav"],"assets/fonts/Lexend-Black.ttf":["assets/fonts/Lexend-Black.ttf"],"assets/fonts/Lexend-Bold.ttf":["assets/fonts/Lexend-Bold.ttf"],"assets/fonts/Lexend-ExtraBold.ttf":["assets/fonts/Lexend-ExtraBold.ttf"],"assets/fonts/Lexend-ExtraLight.ttf":["assets/fonts/Lexend-ExtraLight.ttf"],"assets/fonts/Lexend-Light.ttf":["assets/fonts/Lexend-Light.ttf"],"assets/fonts/Lexend-Medium.ttf":["assets/fonts/Lexend-Medium.ttf"],"assets/fonts/Lexend-Regular.ttf":["assets/fonts/Lexend-Regular.ttf"],"assets/fonts/Lexend-SemiBold.ttf":["assets/fonts/Lexend-SemiBold.ttf"],"assets/fonts/Lexend-Thin.ttf":["assets/fonts/Lexend-Thin.ttf"],"packages/fluttericon/lib/fonts/Brandico.ttf":["packages/fluttericon/lib/fonts/Brandico.ttf"],"packages/fluttericon/lib/fonts/Elusive.ttf":["packages/fluttericon/lib/fonts/Elusive.ttf"],"packages/fluttericon/lib/fonts/Entypo.ttf":["packages/fluttericon/lib/fonts/Entypo.ttf"],"packages/fluttericon/lib/fonts/FontAwesome.ttf":["packages/fluttericon/lib/fonts/FontAwesome.ttf"],"packages/fluttericon/lib/fonts/FontAwesome5.ttf":["packages/fluttericon/lib/fonts/FontAwesome5.ttf"],"packages/fluttericon/lib/fonts/Fontelico.ttf":["packages/fluttericon/lib/fonts/Fontelico.ttf"],"packages/fluttericon/lib/fonts/Iconic.ttf":["packages/fluttericon/lib/fonts/Iconic.ttf"],"packages/fluttericon/lib/fonts/LineariconsFree.ttf":["packages/fluttericon/lib/fonts/LineariconsFree.ttf"],"packages/fluttericon/lib/fonts/Linecons.ttf":["packages/fluttericon/lib/fonts/Linecons.ttf"],"packages/fluttericon/lib/fonts/Maki.ttf":["packages/fluttericon/lib/fonts/Maki.ttf"],"packages/fluttericon/lib/fonts/Meteocons.ttf":["packages/fluttericon/lib/fonts/Meteocons.ttf"],"packages/fluttericon/lib/fonts/MfgLabs.ttf":["packages/fluttericon/lib/fonts/MfgLabs.ttf"],"packages/fluttericon/lib/fonts/ModernPictograms.ttf":["packages/fluttericon/lib/fonts/ModernPictograms.ttf"],"packages/fluttericon/lib/fonts/Octicons.ttf":["packages/fluttericon/lib/fonts/Octicons.ttf"],"packages/fluttericon/lib/fonts/RpgAwesome.ttf":["packages/fluttericon/lib/fonts/RpgAwesome.ttf"],"packages/fluttericon/lib/fonts/Typicons.ttf":["packages/fluttericon/lib/fonts/Typicons.ttf"],"packages/fluttericon/lib/fonts/WebSymbols.ttf":["packages/fluttericon/lib/fonts/WebSymbols.ttf"],"packages/fluttericon/lib/fonts/Zocial.ttf":["packages/fluttericon/lib/fonts/Zocial.ttf"],"packages/font_awesome_flutter/lib/fonts/fa-brands-400.ttf":["packages/font_awesome_flutter/lib/fonts/fa-brands-400.ttf"],"packages/font_awesome_flutter/lib/fonts/fa-regular-400.ttf":["packages/font_awesome_flutter/lib/fonts/fa-regular-400.ttf"],"packages/font_awesome_flutter/lib/fonts/fa-solid-900.ttf":["packages/font_awesome_flutter/lib/fonts/fa-solid-900.ttf"],"packages/window_manager/images/ic_chrome_close.png":["packages/window_manager/images/ic_chrome_close.png"],"packages/window_manager/images/ic_chrome_maximize.png":["packages/window_manager/images/ic_chrome_maximize.png"],"packages/window_manager/images/ic_chrome_minimize.png":["packages/window_manager/images/ic_chrome_minimize.png"],"packages/window_manager/images/ic_chrome_unmaximize.png":["packages/window_manager/images/ic_chrome_unmaximize.png"]}